,project,stars,concept
0,https://github.com/bitcoin/bitcoin.git,67734,cryptocurrency
1,https://github.com/ccxt/ccxt.git,26897,cryptocurrency
2,https://github.com/freqtrade/freqtrade.git,20304,cryptocurrency
3,https://github.com/OpenBB-finance/OpenBBTerminal.git,18864,cryptocurrency
4,https://github.com/monero-project/monero.git,7541,cryptocurrency
5,https://github.com/xmrig/xmrig.git,7324,cryptocurrency
6,https://github.com/dvf/blockchain.git,7253,cryptocurrency
7,https://github.com/lbryio/lbry-sdk.git,7171,cryptocurrency
8,https://github.com/lightningnetwork/lnd.git,6648,cryptocurrency
9,https://github.com/StockSharp/StockSharp.git,5368,cryptocurrency
10,https://github.com/tendermint/tendermint.git,5367,cryptocurrency
11,https://github.com/hummingbot/hummingbot.git,5199,cryptocurrency
12,https://github.com/sea-protocol/seaprotocol.git,5083,cryptocurrency
13,https://github.com/sammchardy/python-binance.git,5011,cryptocurrency
14,https://github.com/mimblewimble/grin.git,4980,cryptocurrency
15,https://github.com/cosmos/cosmos-sdk.git,4864,cryptocurrency
16,https://github.com/jesse-ai/jesse.git,4404,cryptocurrency
17,https://github.com/chrisleekr/binance-trading-bot.git,4248,cryptocurrency
19,https://github.com/itheima1/BlockChain.git,3840,cryptocurrency
20,https://github.com/RomelTorres/alpha_vantage.git,3810,cryptocurrency
21,https://github.com/michaelgrosner/tribeca.git,3806,cryptocurrency
23,https://github.com/input-output-hk/cardano-sl.git,3755,cryptocurrency
24,https://github.com/Jeiwan/blockchain_go.git,3674,cryptocurrency
26,https://github.com/status-im/status-mobile.git,3581,cryptocurrency
27,https://github.com/cointop-sh/cointop.git,3486,cryptocurrency
28,https://github.com/nanocurrency/nano-node.git,3450,cryptocurrency
29,https://github.com/Superalgos/Superalgos.git,3102,cryptocurrency
30,https://github.com/firmai/financial-machine-learning.git,3091,cryptocurrency
31,https://github.com/ctubio/Krypto-trading-bot.git,2935,cryptocurrency
33,https://github.com/bcoin-org/bcoin.git,2781,cryptocurrency
34,https://github.com/Haehnchen/crypto-trading-bot.git,2676,cryptocurrency
35,https://github.com/lbryio/lbrycrd.git,2665,cryptocurrency
36,https://github.com/thrasher-corp/gocryptotrader.git,2552,cryptocurrency
37,https://github.com/polakowo/vectorbt.git,2483,cryptocurrency
38,https://github.com/imfly/bitcoin-on-nodejs.git,2470,cryptocurrency
39,https://github.com/scrtlabs/catalyst.git,2387,cryptocurrency
40,https://github.com/spothq/cryptocurrency-icons.git,2373,cryptocurrency
41,https://github.com/freqtrade/freqtrade-strategies.git,2366,cryptocurrency
42,https://github.com/yasinkuyu/binance-trader.git,2294,cryptocurrency
43,https://github.com/zvtvz/zvt.git,2289,cryptocurrency
44,https://github.com/Uniswap/v2-core.git,2278,cryptocurrency
45,https://github.com/liuchengxu/blockchain-tutorial.git,2259,cryptocurrency
46,https://github.com/tallyhowallet/extension.git,2093,cryptocurrency
47,https://github.com/trustwallet/wallet-core.git,2084,cryptocurrency
49,https://github.com/Drakkar-Software/OctoBot.git,1902,cryptocurrency
50,https://github.com/anandanand84/technicalindicators.git,1899,cryptocurrency
51,https://github.com/BlueWallet/BlueWallet.git,1864,cryptocurrency
52,https://github.com/ton-blockchain/ton.git,1804,cryptocurrency
53,https://github.com/lightning/bolts.git,1779,cryptocurrency
54,https://github.com/cosme12/SimpleCoin.git,1761,cryptocurrency
55,https://github.com/mop-tracker/mop.git,1725,cryptocurrency
56,https://github.com/alpacahq/marketstore.git,1669,cryptocurrency
58,https://github.com/bmoscon/cryptofeed.git,1631,cryptocurrency
59,https://github.com/whittlem/pycryptobot.git,1629,cryptocurrency
60,https://github.com/MinaProtocol/mina.git,1622,cryptocurrency
61,https://github.com/bichenkk/coinmon.git,1612,cryptocurrency
62,https://github.com/exchange-core/exchange-core.git,1568,cryptocurrency
63,https://github.com/CyberPunkMetalHead/Binance-News-Sentiment-Bot.git,1519,cryptocurrency
64,https://github.com/MPOS/php-mpos.git,1511,cryptocurrency
65,https://github.com/jaggedsoft/node-binance-api.git,1479,cryptocurrency
66,https://github.com/life-itself/web3.git,1465,cryptocurrency
67,https://github.com/blankly-finance/blankly.git,1389,cryptocurrency
68,https://github.com/bitcoin-dot-org/Bitcoin.org.git,1374,cryptocurrency
69,https://github.com/jmfernandes/robin_stocks.git,1366,cryptocurrency
70,https://github.com/starcoinorg/starcoin.git,1303,cryptocurrency
71,https://github.com/moneymanagerex/moneymanagerex.git,1245,cryptocurrency
72,https://github.com/xFFFFF/Gekko-Strategies.git,1232,cryptocurrency
73,https://github.com/stellar/go.git,1195,cryptocurrency
74,https://github.com/qtumproject/qtum.git,1170,cryptocurrency
75,https://github.com/cosmos/cosmos.git,1163,cryptocurrency
76,https://github.com/bitshares/bitshares-core.git,1162,cryptocurrency
77,https://github.com/0xs34n/blockchain-cli.git,1134,cryptocurrency
78,https://github.com/paulpierre/informer.git,1125,cryptocurrency
79,https://github.com/rodrigo-brito/ninjabot.git,1123,cryptocurrency
80,https://github.com/conradoqg/naivecoin.git,1118,cryptocurrency
82,https://github.com/bitcoinvsalts/node-binance-trader.git,1098,cryptocurrency
83,https://github.com/okcashpro/okcash.git,1091,cryptocurrency
84,https://github.com/ACINQ/eclair.git,1084,cryptocurrency
86,https://github.com/XRPLF/xrpl.js.git,1075,cryptocurrency
88,https://github.com/manu354/cryptocurrency-arbitrage.git,1050,cryptocurrency
89,https://github.com/foolcage/fooltrader.git,1046,cryptocurrency
90,https://github.com/solana-labs/wallet-adapter.git,1046,cryptocurrency
91,https://github.com/wardbradt/peregrine.git,1037,cryptocurrency
92,https://github.com/ziesha-network/bazuka.git,1037,cryptocurrency
93,https://github.com/enzoampil/fastquant.git,1035,cryptocurrency
94,https://github.com/aeternity/aeternity.git,1027,cryptocurrency
95,https://github.com/Roibal/Cryptocurrency-Trading-Bots-Python-Beginner-Advance.git,1017,cryptocurrency
98,https://github.com/nimiq/core-js.git,997,cryptocurrency
99,https://github.com/trentpiercy/trace.git,985,cryptocurrency
100,https://github.com/d3/d3.git,104037,data-visualization
101,https://github.com/apache/echarts.git,53886,data-visualization
102,https://github.com/grafana/grafana.git,53450,data-visualization
103,https://github.com/apache/superset.git,50100,data-visualization
104,https://github.com/pixijs/pixijs.git,38585,data-visualization
105,https://github.com/metabase/metabase.git,31101,data-visualization
106,https://github.com/streamlit/streamlit.git,22127,data-visualization
108,https://github.com/directus/directus.git,19404,data-visualization
109,https://github.com/plotly/dash.git,17931,data-visualization
110,https://github.com/microsoft/Data-Science-For-Beginners.git,17040,data-visualization
111,https://github.com/matplotlib/matplotlib.git,16705,data-visualization
112,https://github.com/airbnb/visx.git,16516,data-visualization
113,https://github.com/plotly/plotly.js.git,15324,data-visualization
115,https://github.com/apexcharts/apexcharts.js.git,12153,data-visualization
116,https://github.com/gradio-app/gradio.git,11823,data-visualization
118,https://github.com/visgl/deck.gl.git,10538,data-visualization
120,https://github.com/mwaskom/seaborn.git,10241,data-visualization
121,https://github.com/FormidableLabs/victory.git,10123,data-visualization
122,https://github.com/antvis/G6.git,9456,data-visualization
123,https://github.com/c3js/c3.git,9231,data-visualization
124,https://github.com/keplergl/kepler.gl.git,9121,data-visualization
125,https://github.com/dataease/dataease.git,8636,data-visualization
126,https://github.com/uber/react-vis.git,8391,data-visualization
127,https://github.com/rawgraphs/rawgraphs-app.git,8289,data-visualization
128,https://github.com/antvis/F2.git,7781,data-visualization
129,https://github.com/leeoniya/uPlot.git,7531,data-visualization
130,https://github.com/PAIR-code/facets.git,7063,data-visualization
131,https://github.com/visgl/react-map-gl.git,6945,data-visualization
132,https://github.com/sourcerer-io/sourcerer-app.git,6690,data-visualization
133,https://github.com/NorthwoodsSoftware/GoJS.git,6624,data-visualization
134,https://github.com/jwilber/roughViz.git,6424,data-visualization
135,https://github.com/python-visualization/folium.git,6056,data-visualization
136,https://github.com/alibaba/BizCharts.git,5998,data-visualization
137,https://github.com/microsoft/SandDance.git,5951,data-visualization
138,https://github.com/pa7/heatmap.js.git,5891,data-visualization
139,https://github.com/ChartsCSS/charts.css.git,5670,data-visualization
140,https://github.com/reactchartjs/react-chartjs-2.git,5634,data-visualization
141,https://github.com/Live-Charts/Live-Charts.git,5288,data-visualization
142,https://github.com/nhn/tui.chart.git,5180,data-visualization
143,https://github.com/finos/perspective.git,5176,data-visualization
144,https://github.com/asmuth/clip.git,5129,data-visualization
145,https://github.com/sqlpad/sqlpad.git,4701,data-visualization
146,https://github.com/Jannchie/Historical-ranking-data-visualization-based-on-d3.js.git,4686,data-visualization
147,https://github.com/edp963/davinci.git,4536,data-visualization
148,https://github.com/yyhsong/iDataV.git,4509,data-visualization
149,https://github.com/biolab/orange3.git,3898,data-visualization
150,https://github.com/man-group/dtale.git,3801,data-visualization
151,https://github.com/Nyandwi/machine_learning_complete.git,3771,data-visualization
152,https://github.com/britecharts/britecharts.git,3727,data-visualization
154,https://github.com/ResidentMario/missingno.git,3419,data-visualization
155,https://github.com/khuyentran1401/Data-science.git,3397,data-visualization
156,https://github.com/vasturiano/3d-force-graph.git,3231,data-visualization
159,https://github.com/jtablesaw/tablesaw.git,3103,data-visualization
160,https://github.com/alandefreitas/matplotplusplus.git,3013,data-visualization
161,https://github.com/aimhubio/aim.git,2988,data-visualization
162,https://github.com/antvis/L7.git,2946,data-visualization
163,https://github.com/TuiQiao/CBoard.git,2910,data-visualization
164,https://github.com/ml-tooling/ml-workspace.git,2893,data-visualization
165,https://github.com/rougier/matplotlib-cheatsheet.git,2859,data-visualization
166,https://github.com/sunface/datav.git,2858,data-visualization
167,https://github.com/ScottPlot/ScottPlot.git,2795,data-visualization
168,https://github.com/electricitymaps/electricitymaps-contrib.git,2688,data-visualization
169,https://github.com/TalkingData/inmap.git,2685,data-visualization
170,https://github.com/multiprocessio/datastation.git,2633,data-visualization
171,https://github.com/polakowo/vectorbt.git,2483,data-visualization
172,https://github.com/beto-rodriguez/LiveCharts2.git,2479,data-visualization
173,https://github.com/unsplash/react-trend.git,2467,data-visualization
175,https://github.com/observablehq/plot.git,2346,data-visualization
176,https://github.com/XCharts-Team/XCharts.git,2324,data-visualization
177,https://github.com/nteract/semiotic.git,2316,data-visualization
178,https://github.com/nikolaydubina/go-recipes.git,2313,data-visualization
179,https://github.com/plotly/plotly.R.git,2306,data-visualization
180,https://github.com/Hedgehog-Computing/hedgehog-lab.git,2304,data-visualization
181,https://github.com/fbdesignpro/sweetviz.git,2287,data-visualization
182,https://github.com/mljar/mercury.git,2285,data-visualization
183,https://github.com/yihong0618/running_page.git,2220,data-visualization
184,https://github.com/AAChartModel/AAChartKit-Swift.git,2213,data-visualization
185,https://github.com/radzenhq/radzen-blazor.git,2135,data-visualization
186,https://github.com/visgl/luma.gl.git,2091,data-visualization
187,https://github.com/AnyChart/AnyChart-Android.git,2028,data-visualization
188,https://github.com/FormidableLabs/victory-native.git,2015,data-visualization
189,https://github.com/lightdash/lightdash.git,2007,data-visualization
190,https://github.com/DKirwan/calendar-heatmap.git,2003,data-visualization
191,https://github.com/shzlw/poli.git,1923,data-visualization
192,https://github.com/chris1610/pbpython.git,1884,data-visualization
193,https://github.com/weijie-chen/Linear-Algebra-With-Python.git,1846,data-visualization
194,https://github.com/thomasp85/gganimate.git,1843,data-visualization
195,https://github.com/tabixio/tabix.git,1810,data-visualization
196,https://github.com/ContextLab/hypertools.git,1754,data-visualization
199,https://github.com/karthik/wesanderson.git,1658,data-visualization
200,https://github.com/tensorflow/tensorflow.git,170405,machine-learning
201,https://github.com/huggingface/transformers.git,78029,machine-learning
202,https://github.com/pytorch/pytorch.git,61664,machine-learning
203,https://github.com/keras-team/keras.git,57080,machine-learning
204,https://github.com/scikit-learn/scikit-learn.git,52582,machine-learning
206,https://github.com/tesseract-ocr/tesseract.git,48453,machine-learning
207,https://github.com/ageitgey/face_recognition.git,47000,machine-learning
208,https://github.com/microsoft/ML-For-Beginners.git,43571,machine-learning
209,https://github.com/deepfakes/faceswap.git,43201,machine-learning
211,https://github.com/aymericdamien/TensorFlow-Examples.git,42463,machine-learning
212,https://github.com/JuliaLang/julia.git,41365,machine-learning
213,https://github.com/Avik-Jain/100-Days-Of-ML-Code.git,39387,machine-learning
214,https://github.com/d2l-ai/d2l-zh.git,37239,machine-learning
215,https://github.com/iperov/DeepFaceLab.git,36583,machine-learning
216,https://github.com/ultralytics/yolov5.git,34555,machine-learning
217,https://github.com/BVLC/caffe.git,33065,machine-learning
220,https://github.com/google-research/google-research.git,26760,machine-learning
222,https://github.com/CMU-Perceptual-Computing-Lab/openpose.git,25722,machine-learning
223,https://github.com/explosion/spaCy.git,24993,machine-learning
224,https://github.com/ageron/handson-ml.git,24945,machine-learning
225,https://github.com/donnemartin/data-science-ipython-notebooks.git,24519,machine-learning
226,https://github.com/terryum/awesome-deep-learning-papers.git,24204,machine-learning
227,https://github.com/photoprism/photoprism.git,24073,machine-learning
228,https://github.com/dmlc/xgboost.git,23644,machine-learning
229,https://github.com/ray-project/ray.git,23641,machine-learning
230,https://github.com/AMAI-GmbH/AI-Expert-Roadmap.git,23440,machine-learning
231,https://github.com/fastai/fastai.git,23244,machine-learning
232,https://github.com/TheAlgorithms/C-Plus-Plus.git,22825,machine-learning
234,https://github.com/streamlit/streamlit.git,22127,machine-learning
235,https://github.com/eriklindernoren/ML-From-Scratch.git,21855,machine-learning
236,https://github.com/sebastianruder/NLP-progress.git,21231,machine-learning
237,https://github.com/Lightning-AI/lightning.git,21206,machine-learning
238,https://github.com/lutzroeder/netron.git,21043,machine-learning
239,https://github.com/datawhalechina/pumpkin-book.git,20930,machine-learning
240,https://github.com/mozilla/DeepSpeech.git,20869,machine-learning
241,https://github.com/trekhleb/homemade-machine-learning.git,20753,machine-learning
242,https://github.com/mxgmn/WaveFunctionCollapse.git,20477,machine-learning
243,https://github.com/academic/awesome-datascience.git,20372,machine-learning
244,https://github.com/ChristosChristofidis/awesome-deep-learning.git,20107,machine-learning
245,https://github.com/google/mediapipe.git,20018,machine-learning
246,https://github.com/MLEveryday/100-Days-Of-ML-Code.git,19467,machine-learning
247,https://github.com/PaddlePaddle/Paddle.git,19412,machine-learning
248,https://github.com/OpenBB-finance/OpenBBTerminal.git,18864,machine-learning
249,https://github.com/slundberg/shap.git,18311,machine-learning
250,https://github.com/spmallick/learnopencv.git,17778,machine-learning
251,https://github.com/zergtant/pytorch-handbook.git,17674,machine-learning
252,https://github.com/microsoft/CNTK.git,17291,machine-learning
253,https://github.com/jina-ai/jina.git,17121,machine-learning
254,https://github.com/fastai/fastbook.git,17007,machine-learning
255,https://github.com/tensorflow/tfjs.git,16904,machine-learning
256,https://github.com/amark/gun.git,16789,machine-learning
257,https://github.com/JaidedAI/EasyOCR.git,16764,machine-learning
258,https://github.com/labmlai/annotated_deep_learning_paper_implementations.git,16435,machine-learning
259,https://github.com/d2l-ai/d2l-en.git,16135,machine-learning
262,https://github.com/RasaHQ/rasa.git,15338,machine-learning
263,https://github.com/TheAlgorithms/C.git,15312,machine-learning
264,https://github.com/huggingface/datasets.git,15035,machine-learning
265,https://github.com/microsoft/recommenders.git,14813,machine-learning
266,https://github.com/microsoft/LightGBM.git,14547,machine-learning
269,https://github.com/ty4z2008/Qix.git,14120,machine-learning
271,https://github.com/onnx/onnx.git,13937,machine-learning
272,https://github.com/Unity-Technologies/ml-agents.git,13931,machine-learning
273,https://github.com/emilwallner/Screenshot-to-code.git,13896,machine-learning
274,https://github.com/RaRe-Technologies/gensim.git,13860,machine-learning
277,https://github.com/mlflow/mlflow.git,13418,machine-learning
278,https://github.com/virgili0/Virgilio.git,13381,machine-learning
279,https://github.com/aleju/imgaug.git,13235,machine-learning
280,https://github.com/pytorch/vision.git,13103,machine-learning
281,https://github.com/NLP-LOVE/ML-NLP.git,13074,machine-learning
282,https://github.com/EthicalML/awesome-production-machine-learning.git,12977,machine-learning
283,https://github.com/horovod/horovod.git,12955,machine-learning
285,https://github.com/hindupuravinash/the-gan-zoo.git,12905,machine-learning
286,https://github.com/tensorflow/tensor2tensor.git,12893,machine-learning
287,https://github.com/gunthercox/ChatterBot.git,12813,machine-learning
288,https://github.com/ml-tooling/best-of-ml-python.git,12453,machine-learning
289,https://github.com/microsoft/nni.git,12398,machine-learning
290,https://github.com/argoproj/argo-workflows.git,12377,machine-learning
291,https://github.com/flairNLP/flair.git,12366,machine-learning
292,https://github.com/mindsdb/mindsdb.git,12305,machine-learning
293,https://github.com/kubeflow/kubeflow.git,12172,machine-learning
294,https://github.com/gradio-app/gradio.git,11823,machine-learning
295,https://github.com/alex000kim/nsfw_data_scraper.git,11811,machine-learning
296,https://github.com/halfrost/Halfrost-Field.git,11785,machine-learning
297,https://github.com/rasbt/python-machine-learning-book.git,11750,machine-learning
298,https://github.com/davisking/dlib.git,11649,machine-learning
299,https://github.com/ddbourgin/numpy-ml.git,11635,machine-learning
300,https://github.com/vuejs/vue.git,201794,frontend
301,https://github.com/facebook/react.git,200502,frontend
303,https://github.com/vitejs/vite.git,51547,frontend
304,https://github.com/ionic-team/ionic-framework.git,48501,frontend
305,https://github.com/dypsilon/frontend-dev-bookmarks.git,36544,frontend
306,https://github.com/LeCoupa/awesome-cheatsheets.git,32013,frontend
308,https://github.com/iview/iview.git,24020,frontend
309,https://github.com/haizlin/fe-interview.git,22739,frontend
310,https://github.com/ascoders/weekly.git,22565,frontend
311,https://github.com/expo/expo.git,18687,frontend
313,https://github.com/vueComponent/ant-design-vue.git,17619,frontend
314,https://github.com/nhn/tui.editor.git,15574,frontend
316,https://github.com/baidu/amis.git,12829,frontend
317,https://github.com/marko-js/marko.git,12075,frontend
318,https://github.com/tachyons-css/tachyons.git,11323,frontend
319,https://github.com/tiangolo/full-stack-fastapi-postgresql.git,10859,frontend
320,https://github.com/nhn/tui.calendar.git,10454,frontend
321,https://github.com/mdbootstrap/Tailwind-Elements.git,10155,frontend
322,https://github.com/mdbootstrap/material-design-for-bootstrap.git,9432,frontend
323,https://github.com/cs01/gdbgui.git,9016,frontend
324,https://github.com/marmelab/gremlins.js.git,8920,frontend
326,https://github.com/helloqingfeng/Awsome-Front-End-learning-resource.git,8520,frontend
327,https://github.com/NG-ZORRO/ng-zorro-antd.git,8357,frontend
328,https://github.com/bencodezen/vue-enterprise-boilerplate.git,7622,frontend
329,https://github.com/phodal/growth-ebook.git,7596,frontend
330,https://github.com/Tencent/Hippy.git,7255,frontend
331,https://github.com/marionettejs/backbone.marionette.git,7097,frontend
332,https://github.com/andrew--r/frontend-case-studies.git,6849,frontend
333,https://github.com/HospitalRun/hospitalrun-frontend.git,6707,frontend
334,https://github.com/zeroclipboard/zeroclipboard.git,6640,frontend
335,https://github.com/lgwebdream/FE-Interview.git,5940,frontend
336,https://github.com/imba/imba.git,5908,frontend
337,https://github.com/NervJS/nerv.git,5437,frontend
338,https://github.com/rails/webpacker.git,5319,frontend
339,https://github.com/papercups-io/papercups.git,5122,frontend
342,https://github.com/baidu/san.git,4647,frontend
343,https://github.com/reagent-project/reagent.git,4559,frontend
344,https://github.com/BuilderIO/builder.git,4317,frontend
346,https://github.com/TeamAmaze/AmazeFileManager.git,4256,frontend
347,https://github.com/frontendbr/forum.git,4150,frontend
349,https://github.com/FrontendMasters/front-end-handbook-2019.git,4075,frontend
351,https://github.com/wmonk/create-react-app-typescript.git,3739,frontend
352,https://github.com/bansal/pattern.css.git,3692,frontend
353,https://github.com/webhooksite/webhook.site.git,3679,frontend
354,https://github.com/FortAwesome/react-fontawesome.git,3587,frontend
355,https://github.com/alienzhou/frontend-tech-list.git,3500,frontend
357,https://github.com/imcuttle/mometa.git,3460,frontend
358,https://github.com/liyupi/mianshiya-public.git,3376,frontend
361,https://github.com/think2011/localResizeIMG.git,3195,frontend
363,https://github.com/twbs/rfs.git,3096,frontend
364,https://github.com/idiotWu/smooth-scrollbar.git,3009,frontend
366,https://github.com/redux-orm/redux-orm.git,2966,frontend
368,https://github.com/Chalarangelo/mini.css.git,2947,frontend
369,https://github.com/home-assistant/frontend.git,2862,frontend
370,https://github.com/ui-buttons/core.git,2768,frontend
371,https://github.com/pod4g/hiper.git,2707,frontend
372,https://github.com/view-design/ViewUI.git,2624,frontend
373,https://github.com/cheatsheet1999/FrontEndCollection.git,2599,frontend
374,https://github.com/hexops/vecty.git,2533,frontend
375,https://github.com/KingSora/OverlayScrollbars.git,2532,frontend
376,https://github.com/azl397985856/fe-interview.git,2497,frontend
378,https://github.com/phodal/growth-in-action.git,2452,frontend
379,https://github.com/javierbyte/img2css.git,2426,frontend
380,https://github.com/neomjs/neo.git,2408,frontend
381,https://github.com/survivejs/webpack-book.git,2391,frontend
382,https://github.com/sl1673495/blogs.git,2388,frontend
383,https://github.com/FortAwesome/vue-fontawesome.git,2356,frontend
384,https://github.com/open-source-labs/OverVue.git,2350,frontend
385,https://github.com/liyupi/free-programming-resources.git,2346,frontend
386,https://github.com/liyupi/code-nav.git,2299,frontend
388,https://github.com/getmeli/meli.git,2265,frontend
389,https://github.com/plasmicapp/plasmic.git,2218,frontend
390,https://github.com/fboender/ansible-cmdb.git,2198,frontend
392,https://github.com/nitin42/react-imgpro.git,2193,frontend
393,https://github.com/smallbets/userbase.git,2170,frontend
394,https://github.com/kujian/frontendDaily.git,2138,frontend
395,https://github.com/chinedufn/percy.git,2129,frontend
396,https://github.com/saschagrunert/webapp.rs.git,2070,frontend
397,https://github.com/nvh95/jest-preview.git,2062,frontend
398,https://github.com/hop-protocol/hop.git,2057,frontend
399,https://github.com/ganapativs/bttn.css.git,2035,frontend
400,https://github.com/gin-gonic/gin.git,65774,server
401,https://github.com/expressjs/express.git,59590,server
402,https://github.com/withastro/astro.git,24648,server
403,https://github.com/vapor/vapor.git,22420,server
404,https://github.com/PostgREST/postgrest.git,19884,server
405,https://github.com/valeriansaliou/sonic.git,17607,server
406,https://github.com/ory/hydra.git,13617,server
408,https://github.com/http-party/http-server.git,12418,server
409,https://github.com/Grasscutters/Grasscutter.git,12229,server
410,https://github.com/mail-in-a-box/mailinabox.git,11649,server
411,https://github.com/OpenRCT2/OpenRCT2.git,11334,server
412,https://github.com/restify/node-restify.git,10563,server
413,https://github.com/tariqbuilds/linux-dash.git,10063,server
414,https://github.com/google/go-cloud.git,8809,server
415,https://github.com/coturn/coturn.git,8661,server
416,https://github.com/adnanh/webhook.git,8540,server
417,https://github.com/seanmonstar/warp.git,7580,server
418,https://github.com/Kitura/Kitura.git,7566,server
419,https://github.com/webpack/webpack-dev-server.git,7551,server
420,https://github.com/puma/puma.git,7295,server
421,https://github.com/egametang/ET.git,6577,server
422,https://github.com/sj26/mailcatcher.git,5826,server
423,https://github.com/vibora-io/vibora.git,5713,server
424,https://github.com/ponzu-cms/ponzu.git,5508,server
425,https://github.com/processone/ejabberd.git,5415,server
426,https://github.com/linuxserver/Heimdall.git,5369,server
427,https://github.com/mumble-voip/mumble.git,5199,server
428,https://github.com/kbengine/kbengine.git,5091,server
429,https://github.com/shazow/ssh-chat.git,5037,server
430,https://github.com/cuberite/cuberite.git,4469,server
431,https://github.com/mockoon/mockoon.git,4460,server
432,https://github.com/svenstaro/miniserve.git,4190,server
433,https://github.com/vespa-engine/vespa.git,4176,server
434,https://github.com/causefx/Organizr.git,4173,server
435,https://github.com/gluster/glusterfs.git,3935,server
436,https://github.com/redfin/react-server.git,3918,server
437,https://github.com/davyxu/cellnet.git,3885,server
438,https://github.com/simov/grant.git,3782,server
439,https://github.com/peers/peerjs-server.git,3701,server
440,https://github.com/ionorg/ion.git,3678,server
441,https://github.com/hhxsv5/laravel-s.git,3664,server
442,https://github.com/boostorg/beast.git,3638,server
443,https://github.com/httpswift/swifter.git,3637,server
444,https://github.com/ssbc/patchwork.git,3574,server
445,https://github.com/GameServerManagers/LinuxGSM.git,3521,server
446,https://github.com/dimatill/graphql-shield.git,3396,server
447,https://github.com/pistacheio/pistache.git,2804,server
448,https://github.com/azerothcore/azerothcore-wotlk.git,2654,server
449,https://github.com/async-graphql/async-graphql.git,2649,server
450,https://github.com/panva/node-oidc-provider.git,2524,server
451,https://github.com/wireapp/wire-server.git,2497,server
452,https://github.com/xuuhaoo/OkSocket.git,2481,server
453,https://github.com/flashmob/go-guerrilla.git,2468,server
454,https://github.com/ChangemakerStudios/Papercut-SMTP.git,2436,server
455,https://github.com/stablekernel/aqueduct.git,2419,server
456,https://github.com/eidheim/Simple-Web-Server.git,2366,server
457,https://github.com/actionhero/actionhero.git,2346,server
458,https://github.com/yuesong-feng/30dayMakeCppServer.git,2306,server
459,https://github.com/socketry/falcon.git,2255,server
460,https://github.com/lonng/nano.git,2218,server
461,https://github.com/macournoyer/thin.git,2209,server
462,https://github.com/poem-web/poem.git,2191,server
463,https://github.com/form-data/form-data.git,2127,server
464,https://github.com/8treenet/freedom.git,2105,server
465,https://github.com/crossbario/crossbar.git,2017,server
466,https://github.com/open62541/open62541.git,2003,server
467,https://github.com/pierrre/imageserver.git,1996,server
468,https://github.com/ergochat/ergo.git,1890,server
469,https://github.com/antonioribeiro/health.git,1854,server
470,https://github.com/FlareSolverr/FlareSolverr.git,1831,server
471,https://github.com/GoBelieveIO/im_service.git,1825,server
472,https://github.com/Rudolf-Barbu/Ward.git,1825,server
473,https://github.com/SystemRage/py-kms.git,1813,server
474,https://github.com/lavabit/magma.git,1787,server
475,https://github.com/Tencent/TSW.git,1781,server
476,https://github.com/f2e-awesome/knowledge.git,1763,server
477,https://github.com/yinqiwen/ardb.git,1759,server
478,https://github.com/thoas/picfit.git,1731,server
479,https://github.com/mistio/mist-ce.git,1707,server
480,https://github.com/emersion/go-imap.git,1693,server
481,https://github.com/labstack/armor.git,1656,server
482,https://github.com/NewLifeX/X.git,1587,server
483,https://github.com/andeya/faygo.git,1578,server
484,https://github.com/webtorrent/bittorrent-tracker.git,1513,server
485,https://github.com/userver-framework/userver.git,1497,server
486,https://github.com/Zewo/Venice.git,1497,server
487,https://github.com/valence-rs/valence.git,1407,server
488,https://github.com/vergecurrency/verge.git,1385,server
489,https://github.com/MyCATApache/Mycat2.git,1380,server
490,https://github.com/bahmutov/start-server-and-test.git,1359,server
491,https://github.com/enisdenjo/graphql-ws.git,1346,server
493,https://github.com/otland/forgottenserver.git,1319,server
494,https://github.com/ehmicky/cross-platform-node-guide.git,1305,server
495,https://github.com/honzaap/Systemizer.git,1283,server
496,https://github.com/symfony/web-server-bundle.git,1280,server
497,https://github.com/Dreampie/Resty.git,1255,server
498,https://github.com/kmvan/x-prober.git,1209,server
499,https://github.com/bobohume/gonet.git,1206,server
500,https://github.com/etcd-io/etcd.git,42333,database
501,https://github.com/pingcap/tidb.git,33174,database
502,https://github.com/SheetJS/sheetjs.git,32056,database
503,https://github.com/LeCoupa/awesome-cheatsheets.git,32013,database
504,https://github.com/meilisearch/meilisearch.git,31932,database
505,https://github.com/metabase/metabase.git,31101,database
506,https://github.com/typeorm/typeorm.git,30150,database
507,https://github.com/dbeaver/dbeaver.git,29986,database
508,https://github.com/prisma/prisma.git,28297,database
509,https://github.com/huihut/interview.git,27154,database
510,https://github.com/cockroachdb/cockroach.git,26390,database
511,https://github.com/sqlmapproject/sqlmap.git,25804,database
512,https://github.com/influxdata/influxdb.git,24744,database
513,https://github.com/facebook/rocksdb.git,24346,database
514,https://github.com/mongodb/mongo.git,23070,database
515,https://github.com/taosdata/TDengine.git,20465,database
516,https://github.com/PostgREST/postgrest.git,19884,database
517,https://github.com/directus/directus.git,19404,database
518,https://github.com/typicode/lowdb.git,18924,database
519,https://github.com/dgraph-io/dgraph.git,18837,database
520,https://github.com/pubkey/rxdb.git,18643,database
521,https://github.com/apache/shardingsphere.git,17853,database
522,https://github.com/valeriansaliou/sonic.git,17607,database
523,https://github.com/sqlitebrowser/sqlitebrowser.git,17522,database
524,https://github.com/surrealdb/surrealdb.git,17035,database
525,https://github.com/amark/gun.git,16789,database
526,https://github.com/prisma/prisma1.git,16758,database
527,https://github.com/Vonng/ddia.git,16566,database
528,https://github.com/realm/realm-swift.git,15707,database
529,https://github.com/pouchdb/pouchdb.git,15449,database
530,https://github.com/milvus-io/milvus.git,14690,database
531,https://github.com/timescale/timescaledb.git,14329,database
532,https://github.com/dolthub/dolt.git,13924,database
533,https://github.com/boltdb/bolt.git,13358,database
534,https://github.com/rqlite/rqlite.git,12986,database
535,https://github.com/go-sql-driver/mysql.git,12971,database
536,https://github.com/arangodb/arangodb.git,12775,database
537,https://github.com/beekeeper-studio/beekeeper-studio.git,12221,database
538,https://github.com/typesense/typesense.git,12089,database
539,https://github.com/dotnet/efcore.git,12071,database
540,https://github.com/dgraph-io/badger.git,11711,database
541,https://github.com/newTendermint/awesome-bigdata.git,11599,database
542,https://github.com/realm/realm-java.git,11355,database
543,https://github.com/sql-js/sql.js.git,11042,database
544,https://github.com/apache/zookeeper.git,11006,database
545,https://github.com/dbcli/pgcli.git,10839,database
546,https://github.com/forthespada/CS-Books.git,10799,database
547,https://github.com/neo4j/neo4j.git,10775,database
548,https://github.com/dbcli/mycli.git,10715,database
549,https://github.com/golang-migrate/migrate.git,10604,database
550,https://github.com/invertase/react-native-firebase.git,10552,database
551,https://github.com/edgedb/edgedb.git,10020,database
552,https://github.com/questdb/questdb.git,9983,database
553,https://github.com/harelba/q.git,9745,database
554,https://github.com/mongodb/node-mongodb-native.git,9641,database
555,https://github.com/Tencent/wcdb.git,9560,database
556,https://github.com/gyoogle/tech-interview-for-developer.git,9349,database
557,https://github.com/scylladb/scylladb.git,8933,database
558,https://github.com/doctrine/dbal.git,8923,database
559,https://github.com/Nozbe/WatermelonDB.git,8839,database
560,https://github.com/dexie/Dexie.js.git,8796,database
561,https://github.com/guyueyingmu/avbook.git,8708,database
562,https://github.com/vesoft-inc/nebula.git,8458,database
563,https://github.com/tidwall/tile38.git,8417,database
564,https://github.com/wolverinn/Waking-Up.git,8350,database
565,https://github.com/dhamaniasad/awesome-postgres.git,8299,database
566,https://github.com/XiaoMi/soar.git,8183,database
567,https://github.com/dtm-labs/dtm.git,8175,database
568,https://github.com/amitshekhariitbhu/Android-Debug-Database.git,8128,database
569,https://github.com/codenotary/immudb.git,8036,database
570,https://github.com/appbaseio/dejavu.git,8010,database
571,https://github.com/debezium/debezium.git,8000,database
572,https://github.com/duckdb/duckdb.git,7980,database
573,https://github.com/cstack/db_tutorial.git,7877,database
574,https://github.com/citusdata/citus.git,7798,database
575,https://github.com/apache/shardingsphere-elasticjob.git,7787,database
576,https://github.com/xo/usql.git,7771,database
577,https://github.com/apache/cassandra.git,7757,database
578,https://github.com/VictoriaMetrics/VictoriaMetrics.git,7651,database
579,https://github.com/orbitdb/orbit-db.git,7421,database
580,https://github.com/yugabyte/yugabyte-db.git,7404,database
581,https://github.com/mongodb/mongo-go-driver.git,7152,database
582,https://github.com/mbdavid/LiteDB.git,7142,database
583,https://github.com/bxcodec/go-clean-arch.git,7114,database
584,https://github.com/digoal/blog.git,7113,database
585,https://github.com/witheve/Eve.git,7102,database
586,https://github.com/trinodb/trino.git,7034,database
587,https://github.com/flyway/flyway.git,6940,database
588,https://github.com/apache/doris.git,6837,database
589,https://github.com/spacejam/sled.git,6661,database
590,https://github.com/bchavez/Bogus.git,6611,database
591,https://github.com/bookshelf/bookshelf.git,6300,database
592,https://github.com/apache/zeppelin.git,5912,database
593,https://github.com/pingcap/awesome-database-learning.git,5899,database
594,https://github.com/neondatabase/neon.git,5793,database
595,https://github.com/nhost/nhost.git,5623,database
596,https://github.com/msiemens/tinydb.git,5597,database
597,https://github.com/groue/GRDB.swift.git,5586,database
598,https://github.com/apache/couchdb.git,5560,database
599,https://github.com/syndtr/goleveldb.git,5548,database
600,https://github.com/ohmyzsh/ohmyzsh.git,154245,shell
601,https://github.com/nvbn/thefuck.git,75169,shell
602,https://github.com/nvm-sh/nvm.git,63964,shell
603,https://github.com/git/git.git,44844,shell
604,https://github.com/tldr-pages/tldr.git,42581,shell
605,https://github.com/ryanoasis/nerd-fonts.git,40861,shell
606,https://github.com/pi-hole/pi-hole.git,40506,shell
607,https://github.com/PowerShell/PowerShell.git,36740,shell
608,https://github.com/GitSquared/edex-ui.git,36518,shell
609,https://github.com/google/zx.git,35793,shell
610,https://github.com/dylanaraps/pure-bash-bible.git,32818,shell
611,https://github.com/koalaman/shellcheck.git,31109,shell
612,https://github.com/pyenv/pyenv.git,30207,shell
613,https://github.com/acmesh-official/acme.sh.git,29970,shell
614,https://github.com/herrbischoff/awesome-macos-command-line.git,26914,shell
615,https://github.com/alebcay/awesome-shell.git,26165,shell
616,https://github.com/ibraheemdev/modern-unix.git,25168,shell
617,https://github.com/zsh-users/zsh-autosuggestions.git,24745,shell
618,https://github.com/cmderdev/cmder.git,24367,shell
619,https://github.com/nushell/nushell.git,22534,shell
620,https://github.com/withfig/autocomplete.git,21083,shell
621,https://github.com/fish-shell/fish-shell.git,20177,shell
622,https://github.com/railsware/upterm.git,19372,shell
623,https://github.com/gpakosz/.tmux.git,18114,shell
624,https://github.com/spaceship-prompt/spaceship-prompt.git,17893,shell
625,https://github.com/asdf-vm/asdf.git,16489,shell
626,https://github.com/Nyr/openvpn-install.git,16413,shell
627,https://github.com/zsh-users/zsh-syntax-highlighting.git,16136,shell
628,https://github.com/rbenv/rbenv.git,14718,shell
629,https://github.com/shelljs/shelljs.git,13663,shell
630,https://github.com/faressoft/terminalizer.git,13521,shell
631,https://github.com/Bash-it/bash-it.git,13350,shell
632,https://github.com/sorin-ionescu/prezto.git,13194,shell
633,https://github.com/jessfraz/dockerfiles.git,12933,shell
634,https://github.com/kaldi-asr/kaldi.git,12299,shell
635,https://github.com/denisidoro/navi.git,12288,shell
636,https://github.com/sindresorhus/pure.git,11902,shell
637,https://github.com/charmbracelet/gum.git,11820,shell
638,https://github.com/kingToolbox/WindTerm.git,11274,shell
639,https://github.com/sqshq/sampler.git,11199,shell
640,https://github.com/carlospolop/PEASS-ng.git,11041,shell
641,https://github.com/warpdotdev/Warp.git,10555,shell
642,https://github.com/CISOfy/lynis.git,10423,shell
643,https://github.com/tiangolo/typer.git,10209,shell
644,https://github.com/direnv/direnv.git,9965,shell
645,https://github.com/nbedos/termtosvg.git,9531,shell
646,https://github.com/bobthecow/psysh.git,9448,shell
647,https://github.com/oh-my-fish/oh-my-fish.git,9087,shell
648,https://github.com/ajeetdsouza/zoxide.git,8806,shell
649,https://github.com/whyour/qinglong.git,8665,shell
650,https://github.com/httpie/http-prompt.git,8646,shell
651,https://github.com/adnanh/webhook.git,8540,shell
652,https://github.com/dnschneid/crouton.git,8252,shell
653,https://github.com/Maximus5/ConEmu.git,7941,shell
654,https://github.com/onceupon/Bash-Oneliner.git,7515,shell
655,https://github.com/webpro/awesome-dotfiles.git,7513,shell
656,https://github.com/Gogh-Co/Gogh.git,7509,shell
657,https://github.com/zsh-users/antigen.git,7428,shell
658,https://github.com/n1nj4sec/pupy.git,7425,shell
659,https://github.com/donnemartin/gitsome.git,7355,shell
660,https://github.com/mack-a/v2ray-agent.git,7275,shell
661,https://github.com/orf/gping.git,7012,shell
662,https://github.com/enquirer/enquirer.git,6864,shell
663,https://github.com/holman/dotfiles.git,6777,shell
664,https://github.com/xonsh/xonsh.git,6728,shell
665,https://github.com/oldratlee/useful-scripts.git,6414,shell
666,https://github.com/b-ryan/powerline-shell.git,5979,shell
667,https://github.com/zsh-users/zsh-completions.git,5765,shell
668,https://github.com/jrnl-org/jrnl.git,5725,shell
669,https://github.com/arzzen/git-quick-stats.git,5646,shell
670,https://github.com/blinksh/blink.git,5573,shell
671,https://github.com/dthree/vorpal.git,5568,shell
672,https://github.com/dehydrated-io/dehydrated.git,5466,shell
673,https://github.com/niieani/bash-oo-framework.git,5426,shell
674,https://github.com/mvdan/sh.git,5394,shell
675,https://github.com/git-ftp/git-ftp.git,5294,shell
676,https://github.com/petervanderdoes/gitflow-avh.git,5273,shell
677,https://github.com/denysdovhan/bash-handbook.git,5185,shell
678,https://github.com/todotxt/todo.txt-cli.git,5119,shell
679,https://github.com/hyperupcall/autoenv.git,5117,shell
680,https://github.com/sindresorhus/execa.git,5093,shell
681,https://github.com/xwmx/nb.git,5089,shell
682,https://github.com/spotify/docker-gc.git,5084,shell
683,https://github.com/donnemartin/saws.git,5060,shell
684,https://github.com/elves/elvish.git,4930,shell
685,https://github.com/cantino/mcfly.git,4788,shell
686,https://github.com/ellie/atuin.git,4708,shell
687,https://github.com/pystardust/ani-cli.git,4537,shell
688,https://github.com/CodingGay/BlackDex.git,4370,shell
689,https://github.com/teddysun/across.git,4300,shell
690,https://github.com/xxh/xxh.git,4073,shell
691,https://github.com/dylanaraps/pure-sh-bible.git,4003,shell
692,https://github.com/donnemartin/haxor-news.git,3804,shell
693,https://github.com/ohmybash/oh-my-bash.git,3739,shell
694,https://github.com/herrbischoff/awesome-command-line-apps.git,3734,shell
695,https://github.com/bitfield/script.git,3725,shell
696,https://github.com/bats-core/bats-core.git,3698,shell
697,https://github.com/anudeepND/whitelist.git,3648,shell
698,https://github.com/MichaIng/DietPi.git,3619,shell
699,https://github.com/KittyKatt/screenFetch.git,3558,shell
700,https://github.com/mrdoob/three.js.git,88185,3d
701,https://github.com/pmndrs/react-three-fiber.git,20991,3d
702,https://github.com/libgdx/libgdx.git,20980,3d
703,https://github.com/BabylonJS/Babylon.js.git,19156,3d
704,https://github.com/ssloy/tinyrenderer.git,15757,3d
705,https://github.com/aframevr/aframe.git,14962,3d
706,https://github.com/lettier/3d-game-shaders-for-beginners.git,14348,3d
707,https://github.com/FreeCAD/FreeCAD.git,12958,3d
708,https://github.com/CesiumGS/cesium.git,9781,3d
709,https://github.com/metafizzy/zdog.git,9506,3d
710,https://github.com/timzhang642/3D-Machine-Learning.git,8607,3d
711,https://github.com/isl-org/Open3D.git,7927,3d
712,https://github.com/blender/blender.git,7459,3d
713,https://github.com/a1studmuffin/SpaceshipGenerator.git,7301,3d
714,https://github.com/domlysz/BlenderGIS.git,5937,3d
715,https://github.com/FyroxEngine/Fyrox.git,5607,3d
716,https://github.com/openscad/openscad.git,5263,3d
717,https://github.com/google/model-viewer.git,5200,3d
718,https://github.com/spritejs/spritejs.git,5109,3d
719,https://github.com/jagenjo/webglstudio.js.git,4835,3d
720,https://github.com/tensorspace-team/tensorspace.git,4763,3d
721,https://github.com/yfeng95/PRNet.git,4734,3d
722,https://github.com/AaronJackson/vrn.git,4456,3d
723,https://github.com/ssloy/tinyraytracer.git,4398,3d
724,https://github.com/mosra/magnum.git,4312,3d
725,https://github.com/urho3d/urho3d.git,4259,3d
726,https://github.com/tengbao/vanta.git,4258,3d
727,https://github.com/gfxfundamentals/webgl-fundamentals.git,3908,3d
728,https://github.com/cnr-isti-vclab/meshlab.git,3452,3d
729,https://github.com/cleardusk/3DDFA.git,3371,3d
730,https://github.com/ant-galaxy/oasis-engine.git,3309,3d
731,https://github.com/jasonlong/isometric-contributions.git,3305,3d
732,https://github.com/vasturiano/3d-force-graph.git,3231,3d
733,https://github.com/veloren/veloren.git,3196,3d
734,https://github.com/nerfstudio-project/nerfstudio.git,3138,3d
735,https://github.com/troisjs/trois.git,3120,3d
736,https://github.com/AlmasB/FXGL.git,2992,3d
737,https://github.com/antvis/L7.git,2946,3d
738,https://github.com/Kavex/GameDev-Resources.git,2819,3d
739,https://github.com/tinyobjloader/tinyobjloader.git,2767,3d
740,https://github.com/armory3d/armory.git,2642,3d
741,https://github.com/huxingyi/dust3d.git,2543,3d
742,https://github.com/pissang/claygl.git,2536,3d
743,https://github.com/armory3d/armorpaint.git,2487,3d
744,https://github.com/cleardusk/3DDFA_V2.git,2404,3d
745,https://github.com/dotnet/Silk.NET.git,2398,3d
746,https://github.com/jeeliz/jeelizFaceFilter.git,2313,3d
747,https://github.com/ssloy/tinykaboom.git,2201,3d
748,https://github.com/agmmnn/awesome-blender.git,2170,3d
749,https://github.com/zauonlok/renderer.git,2090,3d
750,https://github.com/google-research-datasets/Objectron.git,2066,3d
751,https://github.com/CadQuery/cadquery.git,1988,3d
752,https://github.com/lgsvl/simulator.git,1973,3d
753,https://github.com/skywind3000/mini3d.git,1873,3d
754,https://github.com/ekzhang/graphics-workshop.git,1870,3d
755,https://github.com/layabox/LayaAir_Discard.git,1846,3d
756,https://github.com/whxaxes/canvas-test.git,1828,3d
757,https://github.com/dragonir/3d.git,1827,3d
758,https://github.com/gildor2/UEViewer.git,1777,3d
759,https://github.com/JannisX11/blockbench.git,1759,3d
760,https://github.com/tentone/nunuStudio.git,1744,3d
761,https://github.com/hlorus/CAD_Sketcher.git,1715,3d
762,https://github.com/ssloy/tinyraycaster.git,1674,3d
763,https://github.com/pyvista/pyvista.git,1616,3d
764,https://github.com/syt123450/giojs.git,1614,3d
765,https://github.com/recp/cglm.git,1577,3d
766,https://github.com/TheMozg/awk-raycaster.git,1568,3d
767,https://github.com/strasdat/Sophus.git,1564,3d
768,https://github.com/PyMesh/PyMesh.git,1544,3d
769,https://github.com/facebookresearch/votenet.git,1526,3d
770,https://github.com/marcomusy/vedo.git,1510,3d
771,https://github.com/hexops/mach.git,1499,3d
772,https://github.com/yfeng95/DECA.git,1499,3d
773,https://github.com/laboshinl/loam_velodyne.git,1478,3d
774,https://github.com/pmndrs/react-three-flex.git,1460,3d
775,https://github.com/charlesq34/frustum-pointnets.git,1452,3d
776,https://github.com/helix-toolkit/helix-toolkit.git,1415,3d
777,https://github.com/nywang16/Pixel2Mesh.git,1395,3d
778,https://github.com/martinlaxenaire/curtainsjs.git,1395,3d
779,https://github.com/kovacsv/Online3DViewer.git,1379,3d
780,https://github.com/ranahanocka/MeshCNN.git,1354,3d
781,https://github.com/vasturiano/react-force-graph.git,1341,3d
782,https://github.com/pioneerspacesim/pioneer.git,1273,3d
783,https://github.com/someengineering/resoto.git,1256,3d
784,https://github.com/heremaps/harp.gl.git,1228,3d
785,https://github.com/daavoo/pyntcloud.git,1214,3d
786,https://github.com/fogleman/sdf.git,1147,3d
787,https://github.com/elliottwu/unsup3d.git,1126,3d
788,https://github.com/jkuhlmann/cgltf.git,1081,3d
789,https://github.com/xeolabs/xeogl.git,1069,3d
790,https://github.com/curv3d/curv.git,1057,3d
791,https://github.com/artivis/manif.git,1050,3d
792,https://github.com/swift502/Sketchbook.git,1041,3d
793,https://github.com/godlikepanos/anki-3d-engine.git,1026,3d
794,https://github.com/alibaba/G3D.git,1023,3d
795,https://github.com/google/nerfies.git,1014,3d
796,https://github.com/BabylonJS/Spector.js.git,972,3d
797,https://github.com/skywind3000/RenderHelp.git,954,3d
798,https://github.com/honzaap/GithubCity.git,950,3d
799,https://github.com/tpaviot/pythonocc-core.git,945,3d
